" The UK did not need to justify its action, as rules on company seats were not yet harmonised"," (European_Union_law) In regard to companies, the Court of Justice held in R (Daily Mail and General Trust plc) v HM Treasury that member states could restrict a company moving its seat of business, without infringing TFEU article 49. This meant the Daily",justify its action,"In the context of the legal case R (Daily Mail and General Trust plc) v HM Treasury, what phrase indicates that the UK was not required to provide reasoning for its restriction on a company's ability to relocate its business seat due to the lack of unifor",2,2,2.0
" Warsaw gained the title of the ""Phoenix City"" because it has survived many wars, conflicts and invasions throughout its long history"," (Warsaw) The first historical reference to Warsaw dates back to the year 1313, at a time when KrakÃÂ³w served as the Polish capital city. Due to its central location between the PolishÃ¢ÂÂLithuanian Commonwealth's capitals of KrakÃÂ³w and Vilnius, Wa",its long history,"Which phrase captures the essence of the vast array of significant trials and triumphs that Warsaw experienced, contributing to its character and eventual recognition as a symbol of endurance?  ",2,1,1.0
" (French_and_Indian_War) In 1755, six colonial governors in North America met with General Edward Braddock, the newly arrived British Army commander, and planned a four-way attack on the French"," (French_and_Indian_War) In 1755, six colonial governors in North America met with General Edward Braddock, the newly arrived British Army commander, and planned a four-way attack on the French. None succeeded and the main effort by Braddock was a disaste",the French,"In relation to the outcomes of the 1755 battles discussed, against which national entity were the colonial governors and General Braddock directing their efforts to gain military advantage?  ",2,2,2.0
" They met at Albany, New York with Governor Clinton and officials from some of the other American colonies"," (French_and_Indian_War) The Iroquois sent runners to the manor of William Johnson in upstate New York. The British Superintendent for Indian Affairs in the New York region and beyond, Johnson was known to the Iroquois as Warraghiggey, meaning ""He who doe",official,"Considering the significance of the meeting in Albany, New York, what is the term used to classify the individuals who held formal positions during discussions with Governor Clinton and Iroquois leaders?  ",2,2,2.0
 (Immune_system) The success of any pathogen depends on its ability to elude host immune responses," (Immune_system) The success of any pathogen depends on its ability to elude host immune responses. Therefore, pathogens evolved several methods that allow them to successfully infect a host, while evading detection or destruction by the immune system. Ba",The success,"In the context of pathogens infecting a host and avoiding immune system responses, what term refers to the overall effectiveness of a pathogen in achieving its goal?  ",2,2,2.0
 Colonialism is seen to be the architect deciding how to start dominating areas and then imperialism can be seen as creating the idea behind conquest cooperating with colonialism," (Imperialism) Imperialism and colonialism both dictate the political and economic advantage over a land and the indigenous populations they control, yet scholars sometimes find it difficult to illustrate the difference between the two. Although imperiali",cooperating with colonialism,"When discussing the process of domination between territories, which phrase indicates the partnership that exists between the initial strategies of colonialism and the broader ambitions of imperialism?  ",2,2,2.0
" A formal design team may be assembled to plan the physical proceedings, and to integrate those proceedings with the other parts"," (Construction) In the modern industrialized world, construction usually involves the translation of designs into reality. A formal design team may be assembled to plan the physical proceedings, and to integrate those proceedings with the other parts. The",the physical proceedings,"What is the phrase used to encompass the various hands-on actions and tasks involved in the construction process, which are typically outlined by a design team to ensure successful project execution?  ",2,2,2.0
" Other symbols are common in different countries: the green Greek cross in France, Argentina, the United Kingdom, Belgium, Ireland, Italy, Spain, and India, the increasingly rare Gaper in the Netherlands, and a red stylized letter A in Germany and Austria"," (Pharmacy) The two symbols most commonly associated with pharmacy in English-speaking countries are the mortar and pestle and the Ã¢ÂÂ (recipere) character, which is often written as ""Rx"" in typed text. The show globe was also used until the early 20th",the increasingly rare Gaper,"In the context of pharmacy symbols across various countries, what phrase describes the once-popular symbol that has seen a decline in prevalence in the Netherlands, contrasted with more common symbols like the Bowl of Hygieia?  ",2,2,2.0
" In conjunction, Shirley was made aware that the French were massing for an attack on Fort Oswego in his absence when he planned to attack Fort Niagara"," (French_and_Indian_War) The French acquired a copy of the British war plans, including the activities of Shirley and Johnson. Shirley's efforts to fortify Oswego were bogged down in logistical difficulties, exacerbated by Shirley's inexperience in managi",made aware ,What phrase describes Shirley's realization regarding the French troops gathering for an assault on Fort Oswego while he was focusing on his own planned attack on Fort Niagara?  ,2,2,2.0
" These branch through the mesoglea to the most active parts of the animal: the mouth and pharynx; the roots of the tentacles, if present; all along the underside of each comb row; and four branches round the sensory complex at the far end from the mouth Ã"," (Ctenophora) The internal cavity forms: a mouth that can usually be closed by muscles; a pharynx (""throat""); a wider area in the center that acts as a stomach; and a system of internal canals. These branch through the mesoglea to the most active parts of",the sensory complex,What term refers to the group of structures situated away from the mouth that aids in sensory processing and is featured prominently at one end of the Ctenophora's anatomy?  ,2,2,2.0
" The institution asserts that such expansion will benefit not only the school, but surrounding community, pointing to such features as the enhanced transit infrastructure, possible shuttles open to the public, and park space which will also be publicly ac"," (Harvard_University) Harvard has purchased tracts of land in Allston, a walk across the Charles River from Cambridge, with the intent of major expansion southward. The university now owns approximately fifty percent more land in Allston than in Cambridge",such expansion,"Which specific initiatives does Harvard mention that they believe will positively impact both the institution and the community, including aspects like enhanced public transit and green spaces?  ",1,1,1.0
 (Economic_inequality) Some theories developed in the 1970s established possible avenues through which inequality may have a positive effect on economic development," (Economic_inequality) Some theories developed in the 1970s established possible avenues through which inequality may have a positive effect on economic development. According to a 1955 review, savings by the wealthy, if these increase with inequality, we",possible avenues ,What term was introduced in the discussions surrounding economic inequality in the 1970s to indicate the various methods through which such inequality could potentially enhance economic development?  ,2,2,2.0
" Knowing that Stalin was hostile to the idea of an independent Poland, the Polish government-in-exile in London gave orders to the underground Home Army (AK) to try to seize control of Warsaw from the Germans before the Red Army arrived"," (Warsaw) By July 1944, the Red Army was deep into Polish territory and pursuing the Germans toward Warsaw. Knowing that Stalin was hostile to the idea of an independent Poland, the Polish government-in-exile in London gave orders to the underground Home ",exile,"What term is used to describe the status of the Polish government located in London, which operated outside of their homeland during World War II due to the hostile conditions they faced back in Poland?  ",2,2,2.0
" The Black Death ravaged Europe for three years before it continued on into Russia, where the disease was present somewhere in the country 25 times between 1350 to 1490"," (Black_Death) In 1466, perhaps 40,000 people died of the plague in Paris. During the 16th and 17th centuries, the plague was present in Paris around 30 per cent of the time. The Black Death ravaged Europe for three years before it continued on into Russi",three years,"How long did the devastating impact of the Black Death last in Europe before it moved on to Russia, during which the disease repeatedly afflicted the region over several decades?  ",2,2,2.0
 The British provided medical treatment for the sick and wounded French soldiers and French regular troops were returned to France aboard British ships with an agreement that they were not to serve again in the present war," (French_and_Indian_War) In September 1760, and before any hostilities erupted, Governor Vaudreuil negotiated from Montreal a capitulation with General Amherst. Amherst granted Vaudreuil's request that any French residents who chose to remain in the colon",the present war,"Can you identify the phrase used in the context surrounding the treatment of French soldiers and their return to their homeland, indicating the war they were prohibited from engaging in again?  ",2,1,1.0
" The position of the ctenophores in the evolutionary family tree of animals has long been debated, and the majority view at present, based on molecular phylogenetics, is that cnidarians and bilaterians are more closely related to each other than either is"," (Ctenophora) Despite their soft, gelatinous bodies, fossils thought to represent ctenophores, apparently with no tentacles but many more comb-rows than modern forms, have been found in lagerstÃÂ¤tten as far back as the early Cambrian, about 515 million ",The position,What phrase illustrates the uncertainty regarding the classification of ctenophores within the evolutionary hierarchy and highlights the reliance on modern molecular phylogenetics to inform such debates?  ,2,1,1.0
" (French_and_Indian_War) For many native populations, the elimination of French power in North America meant the disappearance of a strong ally and counterweight to British expansion, leading to their ultimate dispossession"," (French_and_Indian_War) For many native populations, the elimination of French power in North America meant the disappearance of a strong ally and counterweight to British expansion, leading to their ultimate dispossession. The Ohio Country was particula",a strong ally and counterweight,"In the aftermath of the French and Indian War, what specific phrase reflects the loss experienced by native groups as they no longer had support against British territorial ambitions?  ",2,2,2.0
" A sharp rise in nationalism in Scotland during the late 1960s fuelled demands for some form of home rule or complete independence, and in 1969 prompted the incumbent Labour government of Harold Wilson to set up the Kilbrandon Commission to consider the B"," (Scottish_Parliament) For the next three hundred years, Scotland was directly governed by the Parliament of Great Britain and the subsequent Parliament of the United Kingdom, both seated at Westminster, and the lack of a Parliament of Scotland remained a",some form,"What did the rise in nationalist sentiment in Scotland during the 1960s lead to in terms of requests for governance options, aside from full independence?  ",1,1,1.0
" Air did not play a role in phlogiston theory, nor were any initial quantitative experiments conducted to test the idea; instead, it was based on observations of what happens when something burns, that most common objects appear to become lighter and seem"," (Oxygen) Highly combustible materials that leave little residue, such as wood or coal, were thought to be made mostly of phlogiston; whereas non-combustible substances that corrode, such as iron, contained very little. Air did not play a role in phlogist",observations of ,"In the context of the phlogiston theory's development, what concept did early thinkers rely on rather than conducting quantitative experiments to understand the nature of combustion?  ",2,2,2.0
 Some of these are also known as public schools," (Private_school) Private schools generally prefer to be called independent schools, because of their freedom to operate outside of government and local government control. Some of these are also known as public schools. Preparatory schools in the UK prep",Some of these,"In the context of educational institutions in the UK, which phrase refers to a subset of independent schools that allow enrollment from any location and various backgrounds according to the historical usage of the term?  ",2,1,1.0
" The two AAA Auto Clubs of the state, the California State Automobile Association and the Automobile Club of Southern California, choose to simplify matters by dividing the state along the lines where their jurisdictions for membership apply, as either no"," (Southern_California) The state is most commonly divided and promoted by its regional tourism groups as consisting of northern, central, and southern California regions. The two AAA Auto Clubs of the state, the California State Automobile Association and",matter,"During the delineation of Southern California by the AAA Auto Clubs, what word encapsulates the essence of simplifying the geographic divisions and reflects their operational focus?  ",1,1,1.0
" Many of the older colonies had land claims that extended arbitrarily far to the west, as the extent of the continent was unknown at the time their provincial charters were granted"," (French_and_Indian_War) British settlers outnumbered the French 20 to 1 with a population of about 1.5 million ranged along the eastern coast of the continent, from Nova Scotia and Newfoundland in the north, to Georgia in the south. Many of the older col",the older colonies,"In the context of land claims that extended significantly westward as a result of historical factors, which particular group of settlements is characterized by their age and the fact that such expansive claims were made when little was known about the lan",2,2,2.0
" (Private_school) Private schooling in the United States has been debated by educators, lawmakers and parents, since the beginnings of compulsory education in Massachusetts in 1852"," (Private_school) Private schooling in the United States has been debated by educators, lawmakers and parents, since the beginnings of compulsory education in Massachusetts in 1852. The Supreme Court precedent appears to favor educational choice, so long ","educators , lawmakers and parents","In the context of the discussion on private schooling, which three categories of individuals are noted for their involvement in shaping opinions and policies regarding educational choices in the United States?  ",2,2,2.0
 (Oxygen) Oxygen gas can also be produced through electrolysis of water into molecular oxygen and hydrogen," (Oxygen) Oxygen gas can also be produced through electrolysis of water into molecular oxygen and hydrogen. DC electricity must be used: if AC is used, the gases in each limb consist of hydrogen and oxygen in the explosive ratio 2:1. Contrary to popular b",Oxygen gas,"In the electrolysis of water, what type of gas is formed in conjunction with hydrogen, which is often misunderstood in relation to the empirical formula of water?  ",2,2,2.0
" The data and methodology used to produce the ""hockey stick graph"" was criticized in papers by Stephen McIntyre and Ross McKitrick, and in turn the criticisms in these papers were examined by other studies and comprehensively refuted by Wahl & Ammann 2007"," (Intergovernmental_Panel_on_Climate_Change) These studies were widely presented as demonstrating that the current warming period is exceptional in comparison to temperatures between 1000 and 1900, and the MBH99 based graph featured in publicity. Even at ",McIntyre and McKitrick,"Which two individuals, known for their papers critiquing the ""hockey stick graph,"" became central figures in the debate concerning the accuracy of climate reconstructions, particularly in the context of their findings being examined and refuted?  ",2,2,2.0
" John's Cathedral (14th century), the temple is a typical example of the so-called Masovian gothic style, St"," (Warsaw) Gothic architecture is represented in the majestic churches but also at the burgher houses and fortifications. The most significant buildings are St. John's Cathedral (14th century), the temple is a typical example of the so-called Masovian goth",call,"What is the term used to describe the architectural style exemplified by St. John's Cathedral, which showcases the distinctive characteristics of the Gothic period in Warsaw?  ",1,1,1.0
 The European Court of Justice recognised fundamental rights as general principle of European Union law as the need to ensure that European Union measures are compatible with the human rights enshrined in member states' constitution became ever more appar," (European_Union_law) None of the original treaties establishing the European Union mention protection for fundamental rights. It was not envisaged for European Union measures, that is legislative and administrative actions by European Union institutions,",European Union law,Which specific legal term is used to refer to the body of law that governs the actions of European Union institutions and includes considerations regarding fundamental rights as identified by both past treaties and current frameworks?  ,2,2,2.0
 The signaling protocols used allow the application to specify its requirements and discover link parameters, (Packet_switching) Connection-oriented transmission requires a setup phase in each involved node before any packet is transferred to establish the parameters of communication. The packets include a connection identifier rather than address information an,The signaling protocols used,Which phrase encompasses the mechanisms that allow applications to dictate their operational parameters and subsequently identify the relevant link characteristics during the network communication setup?  ,2,2,2.0
 Oxygen gas is increasingly obtained by these non-cryogenic technologies (see also the related vacuum swing adsorption)," (Oxygen) The other major method of producing O 2 gas involves passing a stream of clean, dry air through one bed of a pair of identical zeolite molecular sieves, which absorbs the nitrogen and delivers a gas stream that is 90% to 93% O 2. Simultaneously,",the related vacuum swing adsorption,"What specific technology is referenced in the context of gas separation processes that operates similarly to pressure swing adsorption, particularly for generating oxygen gas in an energy-efficient manner?  ",2,2,2.0
" Wilkinson and Kate Pickett have found higher rates of health and social problems (obesity, mental illness, homicides, teenage births, incarceration, child conflict, drug use), and lower rates of social goods (life expectancy by country, educational perfo"," (Economic_inequality) British researchers Richard G. Wilkinson and Kate Pickett have found higher rates of health and social problems (obesity, mental illness, homicides, teenage births, incarceration, child conflict, drug use), and lower rates of social",child conflict,"Among the various social problems analyzed by Wilkinson and Pickett, which one pertains specifically to issues faced by children in the context of increasing income disparities both in the US and other developed countries?  ",2,2,2.0
" (Victoria_(Australia)) The economy of Victoria is highly diversified: service sectors including financial and property services, health, education, wholesale, retail, hospitality and manufacturing constitute the majority of employment"," (Victoria_(Australia)) The economy of Victoria is highly diversified: service sectors including financial and property services, health, education, wholesale, retail, hospitality and manufacturing constitute the majority of employment. Victoria's total g",service sectors,"What do you call the broad range of industries that includes hospitality, education, and wholesale, which makes up the majority of employment opportunities in the highly diversified economy of Victoria?  ",2,2,2.0
" ""DÃÂ  YuÃÂ¡n"" (Ã¥Â¤Â§Ã¥ÂÂ) is from the sentence ""Ã¥Â¤Â§Ã¥ÂÂÃ¤Â¹Â¾Ã¥ÂÂ"" (dÃÂ  zai QiÃÂ¡n YuÃÂ¡n / ""Great is QiÃÂ¡n, the Primal"") in the Commentaries on the Classic of Changes (I Ching) section regarding QiÃÂ¡n (Ã¤Â¹Â¾)"," (Yuan_dynasty) In 1271, Kublai Khan imposed the name Great Yuan (Chinese: Ã¥Â¤Â§Ã¥ÂÂ; pinyin: DÃÂ  YuÃÂ¡n; WadeÃ¢ÂÂGiles: Ta-YÃÂ¼an), establishing the Yuan dynasty. ""DÃÂ  YuÃÂ¡n"" (Ã¥Â¤Â§Ã¥ÂÂ) is from the sentence ""Ã¥Â¤Â§Ã¥ÂÂÃ¤Â¹Â¾Ã¥ÂÂ"" (dÃ",the sentence,"What phrase that translates to ""Great is QiÃ¡n, the Primal"" is derived from the Commentaries on the Classic of Changes and is linked to the establishment of the Yuan dynasty by Kublai Khan in 1271?  ",1,1,1.0
" (Steam_engine) The Rankine cycle is sometimes referred to as a practical Carnot cycle because, when an efficient turbine is used, the TS diagram begins to resemble the Carnot cycle"," (Steam_engine) The Rankine cycle is sometimes referred to as a practical Carnot cycle because, when an efficient turbine is used, the TS diagram begins to resemble the Carnot cycle. The main difference is that heat addition (in the boiler) and rejection ",a practical Carnot cycle,"In thermal cycle analysis, what is the label given to the Rankine cycle to highlight its practical adaptation that allows for similarity to the perfect Carnot cycle, particularly when utilizing an efficient turbine?  ",2,2,2.0
" The British Superintendent for Indian Affairs in the New York region and beyond, Johnson was known to the Iroquois as Warraghiggey, meaning ""He who does great things"," (French_and_Indian_War) The Iroquois sent runners to the manor of William Johnson in upstate New York. The British Superintendent for Indian Affairs in the New York region and beyond, Johnson was known to the Iroquois as Warraghiggey, meaning ""He who doe",Indian Affairs,"When discussing the historical implications of colonial policies, which aspect represented by William Johnson was crucial for maintaining relationships with tribes like the Iroquois during the defensive posture against French expansion?  ",2,1,2.0
 Those pharmacists are often referred to as clinical pharmacists and they often specialize in various disciplines of pharmacy," (Pharmacy) Because of the complexity of medications including specific indications, effectiveness of treatment regimens, safety of medications (i.e., drug interactions) and patient compliance issues (in the hospital and at home) many pharmacists practici",referred to as clinical pharmacists,"In the context of hospital pharmacy, what term is used to describe pharmacists who have pursued additional education and training to handle the complexities of medications and their safety effectively?  ",2,2,2.0
" The substitution of capital equipment for labor (mechanization and automation) raises the productivity of each worker, resulting in a situation of relatively stagnant wages for the working class amidst rising levels of property income for the capitalist "," (Economic_inequality) In Marxian analysis, capitalist firms increasingly substitute capital equipment for labor inputs (workers) under competitive pressure to reduce costs and maximize profits. Over the long-term, this trend increases the organic composi",The substitution,"In relation to the capitalist pressures described, what term characterizes the shift towards using mechanization and automation instead of human labor to achieve lower costs?  ",2,2,2.0
" (Construction) The owner produces a list of requirements for a project, giving an overall view of the project's goals"," (Construction) The owner produces a list of requirements for a project, giving an overall view of the project's goals. Several D&B contractors present different ideas about how to accomplish these goals. The owner selects the ideas he or she likes best a",an overall view,"In a scenario where a construction owner defines the expectations for a project, what specific phrase suggests that the requirements provide a complete understanding of what is to be achieved?  ",2,2,2.0
" Saudi Arabia and the other Arab oil-producing states joined the embargo on October 20, 1973"," (1973_oil_crisis) In response to American aid to Israel, on October 16, 1973, OPEC raised the posted price of oil by 70%, to $5.11 a barrel. The following day, oil ministers agreed to the embargo, a cut in production by five percent from September's outp",the embargo,"Can you identify the term used to describe the restrictions imposed by OAPEC that limited oil exports to the United States, characterizing it as a principal hostile country in the wake of military aid provided to Israel?  ",2,2,2.0
" (Imperialism) Europe's expansion into territorial imperialism was largely focused on economic growth by collecting resources from colonies, in combination with assuming political control by military and political means"," (Imperialism) Europe's expansion into territorial imperialism was largely focused on economic growth by collecting resources from colonies, in combination with assuming political control by military and political means. The colonization of India in the m",economic growth,"While considering the broad impacts of colonization, what was the overarching goal that European empires aimed for when exploiting their territories for resources and markets?  ",2,2,2.0
" Major operators include: Metro Trains Melbourne which runs an extensive, electrified, passenger system throughout Melbourne and suburbs; V/Line which is now owned by the Victorian Government, operates a concentrated service to major regional centres, as "," (Victoria_(Australia)) Rail transport in Victoria is provided by several private and public railway operators who operate over government-owned lines. Major operators include: Metro Trains Melbourne which runs an extensive, electrified, passenger system ",the Victorian Government,"Who is responsible for the current ownership of V/Line, which is noted for providing concentrated services to major regional centres in Victoria?",2,2,2.0
" (Rhine) From the death of Augustus in AD 14 until after AD 70, Rome accepted as her Germanic frontier the water-boundary of the Rhine and upper Danube"," (Rhine) From the death of Augustus in AD 14 until after AD 70, Rome accepted as her Germanic frontier the water-boundary of the Rhine and upper Danube. Beyond these rivers she held only the fertile plain of Frankfurt, opposite the Roman border fortress o",AD 14,"[What is the significant year that initiated the Roman frontier policy along the Rhine and upper Danube, directly correlating to the death of Augustus?]  ",2,2,2.0
" In addition to pharma responsibilities, the pharma offered general medical advice and a range of services that are now performed solely by other specialist practitioners, such as surgery and midwifery"," (Pharmacy) The word pharmacy is derived from its root word pharma which was a term used since the 15thÃ¢ÂÂ17th centuries. However, the original Greek roots from pharmakos imply sorcery or even poison. In addition to pharma responsibilities, the pharma ",responsibility,"In relation to the context of pharmacy, what collective term is used to refer to the multiple roles and duties that a pharma used to undertake, which are now predominantly the domain of focused medical professionals?  ",1,1,1.0
" The gonads are located in the parts of the internal canal network under the comb rows, and eggs and sperm are released via pores in the epidermis"," (Ctenophora) Almost all species are hermaphrodites, in other words they function as both males and females at the same time Ã¢ÂÂ except that in two species of the genus Ocryopsis individuals remain of the same single sex all their lives. The gonads are",eggs and sperm,What is the combined term used to describe the reproductive cells that are expelled from the body of Ctenophora species via epidermal pores during their external fertilization method?  ,2,2,2.0
" If the mayor vetoes a bill, the Council has 30 days to override the veto by a two-thirds majority vote"," (Warsaw) Legislative power in Warsaw is vested in a unicameral Warsaw City Council (Rada Miasta), which comprises 60 members. Council members are elected directly every four years. Like most legislative bodies, the City Council divides itself into commit",a two - thirds majority vote,"When considering the legislative procedures that allow the Warsaw City Council to challenge a mayor's disapproval of a bill, what kind of majority is necessary for the council members within a month to achieve a successful override of the veto?  ",2,2,2.0
" Other rivers include: Ovens River, Goulburn River, Patterson River, King River, Campaspe River, Loddon River, Wimmera River, Elgin River, Barwon River, Thomson River, Snowy River, Latrobe River, Yarra River, Maribyrnong River, Mitta River, Hopkins River,"," (Victoria_(Australia)) Victoria contains many topographically, geologically and climatically diverse areas, ranging from the wet, temperate climate of Gippsland in the southeast to the snow-covered Victorian alpine areas which rise to almost 2,000 m (6,6",Hopkins River,"What river is part of Victoria's diverse and extensive series of water systems, particularly noted in the geographical descriptions, and is featured alongside rivers like the Loddon River and Elgin River?  ",1,1,1.0
" Cost of construction on a per square meter (or per square foot) basis for houses can vary dramatically based on site conditions, local regulations, economies of scale (custom designed homes are often more expensive to build) and the availability of skill"," (Construction) Residential construction practices, technologies, and resources must conform to local building authority regulations and codes of practice. Materials readily available in the area generally dictate the construction materials used (e.g. bri",the availability,"In the context of residential construction expenses, what term describes the presence of qualified labor that can significantly influence the overall cost and timeline of the project?  ",2,1,1.0
6 billion financial endowment is the largest of any academic institution, (Harvard_University) The University is organized into eleven separate academic unitsÃ¢ÂÂten faculties and the Radcliffe Institute for Advanced StudyÃ¢ÂÂwith campuses throughout the Boston metropolitan area: its 209-acre (85 ha) main campus is centere,the largest,"In terms of financial capabilities that allow for extensive academic and operational funding, what adjective best describes Harvard's $37.6 billion endowment when compared to that of all other universities?  ",2,2,2.0
" Most species have eight strips, called comb rows, that run the length of their bodies and bear comb-like bands of cilia, called ""ctenes,"" stacked along the comb rows so that when the cilia beat, those of each comb touch the comb below"," (Ctenophora) Ranging from about 1 millimeter (0.039 in) to 1.5 meters (4.9 ft) in size, ctenophores are the largest non-colonial animals that use cilia (""hairs"") as their main method of locomotion. Most species have eight strips, called comb rows, that r",Most species,"In the context of ctenophores, which term refers to the largest number of species known for their unique structure of eight strips that facilitate their locomotion?  ",1,2,2.0
 A mere half decade later the tract had 267 homes," (Fresno,_California) Homes from the early 20th century line this boulevard in the heart of the historic Alta Vista Tract. The section of Huntington Boulevard between First Street on the west to Cedar Avenue on the east is the home to many large, stately ",267 homes,"Considering the original groundwork laid in the Alta Vista Tract from 1910 to 1914, what was the resulting count of homes that symbolized the areaâs rapid transformation into a neighborhood?  ",2,2,2.0
" To prevent such inequality, this approach believes itÃ¢ÂÂs important to have political freedom, economic facilities, social opportunities, transparency guarantees, and protective security to ensure that people arenÃ¢ÂÂt denied their functionings, cap"," (Economic_inequality) When a personÃ¢ÂÂs capabilities are lowered, they are in some way deprived of earning as much income as they would otherwise. An old, ill man cannot earn as much as a healthy young man; gender roles and customs may prevent a woman",political freedom,"In the framework of ensuring that individuals aren't deprived of their capabilities and agency, which foundational aspect is acknowledged as critical for enabling equitable economic conditions?  ",1,1,1.0
" The neighborhood lies southwest of the 99 freeway (which divides it from Downtown Fresno), west of the 41 freeway and south of Nielsen Ave (or the newly constructed 180 Freeway), and extends to the city limits to the west and south"," (Fresno,_California) The ""West Side"" of Fresno, also often called ""Southwest Fresno"", is one of the oldest neighborhoods in the city. The neighborhood lies southwest of the 99 freeway (which divides it from Downtown Fresno), west of the 41 freeway and so",the city limits,"In the context of Fresno, what phrase refers to the maximum reach of the urban area, stretching to the western and southern parts beyond the West Side neighborhood?  ",2,2,2.0
" Although many plants and factories can be found along the Rhine up into Switzerland, it is along the Lower Rhine that the bulk of them are concentrated, as the river passes the major cities of Cologne, DÃÂ¼sseldorf and Duisburg"," (Rhine) Until the early 1980s, industry was a major source of water pollution. Although many plants and factories can be found along the Rhine up into Switzerland, it is along the Lower Rhine that the bulk of them are concentrated, as the river passes th",the major cities,"In reference to the geographical and industrial context of the Rhine, what phrase denotes the significant urban areas through which the river flows, particularly highlighting the concentration of industries in cities like Cologne, DÃ¼sseldorf, and Duisbur",2,2,2.0
" Education, especially in an area where there is a high demand for workers, creates high wages for those with this education, however, increases in education first increase and then decrease growth as well as income inequality"," (Economic_inequality) An important factor in the creation of inequality is variation in individuals' access to education. Education, especially in an area where there is a high demand for workers, creates high wages for those with this education, however",those with this education,"Within the framework of economic inequality, which individuals are recognized for their elevated income levels due to successfully acquiring education that aligns with workforce demands?  ",2,1,2.0
" The significant element of the relief, in this part of Warsaw, is the edge of moraine plateau called Warsaw Escarpment"," (Warsaw) Warsaw is located on two main geomorphologic formations: the plain moraine plateau and the Vistula Valley with its asymmetrical pattern of different terraces. The Vistula River is the specific axis of Warsaw, which divides the city into two part",called Warsaw Escarpment,Which term describes the prominent edge of the moraine plateau in Warsaw that distinguishes itself as a notable element of the city's relief?  ,2,2,2.0
 The LucasÃ¢ÂÂLehmer test is particularly fast for numbers of this form," (Prime_number) are prime. Prime numbers of this form are known as factorial primes. Other primes where either p + 1 or p Ã¢ÂÂ 1 is of a particular shape include the Sophie Germain primes (primes of the form 2p + 1 with p prime), primorial primes, Ferma",The LucasÃ¢Â ÂLehmer test,What is the name of the efficient primality test that specifically works well for numbers which are of a certain type related to Mersenne primes?  ,2,2,2.0
" The world price, which had peaked during the 1979 energy crisis at nearly $40 per barrel, decreased during the 1980s to less than $10 per barrel"," (1973_oil_crisis) OPEC soon lost its preeminent position, and in 1981, its production was surpassed by that of other countries. Additionally, its own member nations were divided. Saudi Arabia, trying to recover market share, increased production, pushing",the 1979 energy crisis,"What significant event in the late 1970s saw the world price of oil peak at nearly $40 per barrel, an occurrence that ultimately influenced global oil market dynamics in subsequent years?  ",2,2,2.0
 As the university garden it is open to the public every day," (Warsaw) Another important library Ã¢ÂÂ the University Library, founded in 1816, is home to over two million items. The building was designed by architects Marek BudzyÃÂski and Zbigniew Badowski and opened on 15 December 1999. It is surrounded by gre",is open to the public every day,"What is the phrase that indicates the accessibility of the university garden to everyone on a daily basis, highlighting its role as a community space?  ",2,2,2.0
 (Islamism) Egyptian President Anwar Sadat Ã¢ÂÂ whose policies included opening Egypt to Western investment (infitah); transferring Egypt's allegiance from the Soviet Union to the United States; and making peace with Israel Ã¢ÂÂ released Islamists fro, (Islamism) Egyptian President Anwar Sadat Ã¢ÂÂ whose policies included opening Egypt to Western investment (infitah); transferring Egypt's allegiance from the Soviet Union to the United States; and making peace with Israel Ã¢ÂÂ released Islamists fro,political support,What term describes the backing that Egyptian President Anwar Sadat sought from Islamists by releasing them from prison and welcoming back exiles as part of his strategy to combat leftist opposition?,2,2,2.0
" (Geology) In the laboratory, biostratigraphers analyze rock samples from outcrop and drill cores for the fossils found in them"," (Geology) In the laboratory, biostratigraphers analyze rock samples from outcrop and drill cores for the fossils found in them. These fossils help scientists to date the core and to understand the depositional environment in which the rock units formed. ",geology,"What is the term for the scientific study that involves examining the rock cycle, fossil records, and crustal movements over geological time?  ",2,2,2.0
" As a result, those who are unable to afford an education, or choose not to pursue optional education, generally receive much lower wages"," (Economic_inequality) An important factor in the creation of inequality is variation in individuals' access to education. Education, especially in an area where there is a high demand for workers, creates high wages for those with this education, however",optional education,"In discussions about the correlation between education and economic disparity, what term is used to refer specifically to educational paths that individuals can engage in beyond their basic schooling obligations?  ",2,2,2.0
" (University_of_Chicago) The UChicago Arts program joins academic departments and programs in the Division of the Humanities and the College, as well as professional organizations including the Court Theatre, the Oriental Institute, the Smart Museum of Ar"," (University_of_Chicago) The UChicago Arts program joins academic departments and programs in the Division of the Humanities and the College, as well as professional organizations including the Court Theatre, the Oriental Institute, the Smart Museum of Ar",academic departments and programs,"What term refers to the collective entities that include various scholarly disciplines and initiatives within the UChicago Arts program, which also collaborates with professional organizations such as the Court Theatre and the Smart Museum of Art?  ",2,2,2.0
" In GR, gravitation is not viewed as a force, but rather, objects moving freely in gravitational fields travel under their own inertia in straight lines through curved space-time Ã¢ÂÂ defined as the shortest space-time path between two space-time events"," (Force) Since then, and so far, general relativity has been acknowledged as the theory that best explains gravity. In GR, gravitation is not viewed as a force, but rather, objects moving freely in gravitational fields travel under their own inertia in st",moving freely in gravitational fields,"Which combination of words describes the concept in general relativity where objects do not resist gravity in the same way as one might think, but rather follow their natural paths influenced by gravity?  ",2,2,2.0
" For example, people living in tropical environments were seen as ""less civilized"" therefore justifying colonial control as a civilizing mission", (Imperialism) The concept environmental determinism served as a moral justification for domination of certain territories and peoples. It was believed that a certain person's behaviours were determined by the environment in which they lived and thus vali,civilize,"During the era of European colonialism, what term was often employed to describe the actions taken to morally and culturally uplift indigenous populations that were viewed as 'less civilized' as part of the imperialist agenda?  ",2,2,2.0
" Germany did so, and underground leader PiÃÂsudski returned to Warsaw on 11 November and set up what became the Second Polish Republic, with Warsaw the capital"," (Warsaw) Warsaw was occupied by Germany from 4 August 1915 until November 1918. The Allied Armistice terms required in Article 12 that Germany withdraw from areas controlled by Russia in 1914, which included Warsaw. Germany did so, and underground leader",11-Nov,What date signifies both the end of German control over Warsaw and the beginning of the Second Polish Republic under PiÅsudski's leadership?  ,2,2,2.0
 The measurement implies that an unknown process depleted oxygen-16 from the Sun's disk of protoplanetary material prior to the coalescence of dust grains that formed the Earth," (Oxygen) Planetary geologists have measured different abundances of oxygen isotopes in samples from the Earth, the Moon, Mars, and meteorites, but were long unable to obtain reference values for the isotope ratios in the Sun, believed to be the same as t",an unknown process,Which term describes the unidentified mechanism that is thought to have led to the reduction of oxygen-16 in the solar material that existed before the dust grains came together to create Earth?  ,2,2,2.0
 Sweden is internationally known for this innovative school voucher model that provides Swedish pupils with the opportunity to choose the school they prefer," (Private_school) In Sweden, pupils are free to choose a private school and the private school gets paid the same amount as municipal schools. Over 10% of Swedish pupils were enrolled in private schools in 2008. Sweden is internationally known for this in",choose the school ,"Within Swedenâs educational framework, which action do pupils undertake to take advantage of the opportunities provided by the school voucher system?  ",2,2,2.0
" (Black_Death) In 1466, perhaps 40,000 people died of the plague in Paris"," (Black_Death) In 1466, perhaps 40,000 people died of the plague in Paris. During the 16th and 17th centuries, the plague was present in Paris around 30 per cent of the time. The Black Death ravaged Europe for three years before it continued on into Russi",the plague,"In the context of widespread mortality throughout Europe from 1350 to 1490, what is the term for the disease that appeared annually and ultimately affected regions like Russia multiple times?  ",2,2,2.0
" These advances led to the development of a layered model of the Earth, with a crust and lithosphere on top, the mantle below (separated within itself by seismic discontinuities at 410 and 660 kilometers), and the outer core and inner core below that", (Geology) Seismologists can use the arrival times of seismic waves in reverse to image the interior of the Earth. Early advances in this field showed the existence of a liquid outer core (where shear waves were not able to propagate) and a dense solid in,the development,"In the context of geology, what phrase reflects the crucial advancement in understanding Earth's structure achieved through seismology, which laid the groundwork for recognizing both the crust and the core layers?  ",2,2,2.0
" (Jacksonville,_Florida) Much of the city's tax base dissipated, leading to problems with funding education, sanitation, and traffic control within the city limits"," (Jacksonville,_Florida) Much of the city's tax base dissipated, leading to problems with funding education, sanitation, and traffic control within the city limits. In addition, residents in unincorporated suburbs had difficulty obtaining municipal servic",funding education,"What was one of the key issues resulting from the dissipation of the city's tax base in Jacksonville, Florida, which specifically affected public services that promote learning and development?  ",2,1,2.0
 Faith groups can make direct representations to the Presiding Officer to nominate speakers," (Scottish_Parliament) The first item of business on Wednesdays is usually Time for Reflection, at which a speaker addresses members for up to four minutes, sharing a perspective on issues of faith. This contrasts with the formal style of ""Prayers"", which",the Presiding Officer,"In the process through which faith groups put forward nominees for parliamentary speakers, who ultimately decides based on the advice of the parliamentary bureau?  ",2,2,2.0
" Oxygen therapy is used to treat emphysema, pneumonia, some heart disorders (congestive heart failure), some disorders that cause increased pulmonary artery pressure, and any disease that impairs the body's ability to take up and use gaseous oxygen"," (Oxygen) Uptake of O 2 from the air is the essential purpose of respiration, so oxygen supplementation is used in medicine. Treatment not only increases oxygen levels in the patient's blood, but has the secondary effect of decreasing resistance to blood ",pneumonia,"In the context of using oxygen therapy for various illnesses, what is the name of the disease that reflects a state of lung infection characterized by symptoms like cough, fever, and difficulty breathing, which necessitates increased oxygen levels in the ",2,2,2.0
" (Intergovernmental_Panel_on_Climate_Change) Michael Oppenheimer, a long-time participant in the IPCC and coordinating lead author of the Fifth Assessment Report conceded in Science Magazine's State of the Planet 2008-2009 some limitations of the IPCC con"," (Intergovernmental_Panel_on_Climate_Change) Michael Oppenheimer, a long-time participant in the IPCC and coordinating lead author of the Fifth Assessment Report conceded in Science Magazine's State of the Planet 2008-2009 some limitations of the IPCC con",coordinating lead author,"What specific designation did Michael Oppenheimer hold that indicates his authoritative position in the IPCC's report team, particularly noted when expressing the need for smaller assessments?  ",2,2,2.0
" In addition to supplying these drugs, specialty pharmacies also provide lab monitoring, adherence counseling, and assist patients with cost-containment strategies needed to obtain their expensive specialty drugs"," (Pharmacy) Specialty pharmacies supply high cost injectable, oral, infused, or inhaled medications that are used for chronic and complex disease states such as cancer, hepatitis, and rheumatoid arthritis. Unlike a traditional community pharmacy where pre",adherence counseling,"What crucial support service offered by specialty pharmacies helps to ensure that patients are following their treatment regimens effectively, especially when dealing with high-cost specialty medications?  ",2,2,2.0
" Twigg suggested that the cause was a form of anthrax, and Norman Cantor (2001) thought it may have been a combination of anthrax and other pandemics"," (Black_Death) A variety of alternatives to the Y. pestis have been put forward. Twigg suggested that the cause was a form of anthrax, and Norman Cantor (2001) thought it may have been a combination of anthrax and other pandemics. Scott and Duncan have ar",the cause,"In the context of various scholarly debates concerning the Black Death, what term describes the underlying factor suggested by Twigg as an alternative to Y. pestis?  ",1,1,1.0
" (Fresno,_California) Homes from the early 20th century line this boulevard in the heart of the historic Alta Vista Tract"," (Fresno,_California) Homes from the early 20th century line this boulevard in the heart of the historic Alta Vista Tract. The section of Huntington Boulevard between First Street on the west to Cedar Avenue on the east is the home to many large, stately ",Home,"In the context of Fresnoâs Alta Vista Tract, what is the word used to depict the places where families live, particularly those that were established in the early 1900s?  ",2,2,2.0
" (Pharmacy) Because of the complexity of medications including specific indications, effectiveness of treatment regimens, safety of medications (i"," (Pharmacy) Because of the complexity of medications including specific indications, effectiveness of treatment regimens, safety of medications (i.e., drug interactions) and patient compliance issues (in the hospital and at home) many pharmacists practici",effectiveness of treatment regimens,"In the context of pharmacy, which phrase refers to the ability of a treatment plan to produce the desired health outcomes, highlighting its importance alongside safety and patient compliance?  ",2,2,2.0
" A contract is the exchange of a set of obligations between two or more parties, but it is not so simple a matter as trying to get the other side to agree to as much as possible in exchange for as little as possible"," (Construction) A construction project is a complex net of contracts and other legal obligations, each of which all parties must carefully consider. A contract is the exchange of a set of obligations between two or more parties, but it is not so simple a ",the other side,"In the context of negotiating construction agreements, who is typically involved in determining the terms and fulfilling the obligations of the agreement?  ",1,1,1.0
" The waxy cuticle of many leaves, the exoskeleton of insects, the shells and membranes of externally deposited eggs, and skin are examples of mechanical barriers that are the first line of defense against infection"," (Immune_system) Several barriers protect organisms from infection, including mechanical, chemical, and biological barriers. The waxy cuticle of many leaves, the exoskeleton of insects, the shells and membranes of externally deposited eggs, and skin are e",deposit,What verb encapsulates the concept of organisms placing protective barriers like shells around their eggs to guard against environmental threats such as pathogens?  ,1,1,1.0
" Following the Congress of Vienna of 1815, Warsaw became the centre of the Congress Poland, a constitutional monarchy under a personal union with Imperial Russia"," (Warsaw) Warsaw remained the capital of the PolishÃ¢ÂÂLithuanian Commonwealth until 1796, when it was annexed by the Kingdom of Prussia to become the capital of the province of South Prussia. Liberated by Napoleon's army in 1806, Warsaw was made the ca",Imperial Russia,"In the context of Warsaw's transition following the Congress of Vienna of 1815, which powerful neighboring state was involved in establishing a constitutional monarchy alongside Congress Poland?  ",2,2,2.0
" (Prime_number) Prime ideals are the points of algebro-geometric objects, via the notion of the spectrum of a ring"," (Prime_number) Prime ideals are the points of algebro-geometric objects, via the notion of the spectrum of a ring. Arithmetic geometry also benefits from this notion, and many concepts exist in both geometry and number theory. For example, factorization ",the spectrum,"In the context of algebraic geometry, what term is used to describe the collection of prime ideals that corresponds to points of algebro-geometric objects as mentioned in the relationship between prime ideals and the notion discussed in the text?  ",2,2,2.0
" On Black Hammock Island in the national Timucuan Ecological and Historic Preserve, a University of North Florida team discovered some of the oldest remnants of pottery in the United States, dating to 2500 BC"," (Jacksonville,_Florida) The area of the modern city of Jacksonville has been inhabited for thousands of years. On Black Hammock Island in the national Timucuan Ecological and Historic Preserve, a University of North Florida team discovered some of the ol",the United States,"When discussing the ancient pottery remnants found in a national preserve in Jacksonville, which country is acknowledged as being home to these significant historical artifacts that date back to 2500 BC?  ",2,2,2.0
" The French monk Marin Mersenne looked at primes of the form 2p Ã¢ÂÂ 1, with p a prime"," (Prime_number) After the Greeks, little happened with the study of prime numbers until the 17th century. In 1640 Pierre de Fermat stated (without proof) Fermat's little theorem (later proved by Leibniz and Euler). Fermat also conjectured that all numbers",Ã¢ÂÂ 1,"What is the mathematical expression that represents primes identified by Marin Mersenne, which are derived from a prime number \( p \) in the form of 2 raised to \( p \) minus 1?  ",1,1,1.0
 The entry of another toxin called granulysin (a protease) induces the target cell to undergo apoptosis," (Immune_system) Killer T cells are a sub-group of T cells that kill cells that are infected with viruses (and other pathogens), or are otherwise damaged or dysfunctional. As with B cells, each type of T cell recognizes a different antigen. Killer T cells",the target cell,"In the context of Killer T cells and their function involving cytotoxins, when granulysin is introduced, which specific type of cell is referred to that undergoes apoptosis as a result of this process?  ",2,2,2.0
" (Scottish_Parliament) Throughout the 1980s and 1990s, demand for a Scottish Parliament grew, in part because the government of the United Kingdom was controlled by the Conservative Party, while Scotland itself elected relatively few Conservative MPs"," (Scottish_Parliament) Throughout the 1980s and 1990s, demand for a Scottish Parliament grew, in part because the government of the United Kingdom was controlled by the Conservative Party, while Scotland itself elected relatively few Conservative MPs. In ",the United Kingdom,"What was the governing entity that exerted control over Scotland during the 1980s and 1990s, influencing the rise in demand for a Scottish Parliament due to its political alignment?  ",2,2,2.0
" Immune systems appear even in the structurally most simple forms of life, with bacteria using a unique defense mechanism, called the restriction modification system to protect themselves from viral pathogens, called bacteriophages"," (Immune_system) It is likely that a multicomponent, adaptive immune system arose with the first vertebrates, as invertebrates do not generate lymphocytes or an antibody-based humoral response. Many species, however, utilize mechanisms that appear to be p",called the restriction modification system,"What unique defense mechanism do bacteria utilize to protect themselves from viral pathogens such as bacteriophages, which reflects an early form of immune response?  ",2,2,2.0
" A January 2014 report by Oxfam claims that the 85 wealthiest individuals in the world have a combined wealth equal to that of the bottom 50% of the world's population, or about 3", (Economic_inequality) A study by the World Institute for Development Economics Research at United Nations University reports that the richest 1% of adults alone owned 40% of global assets in the year 2000. The three richest people in the world possess mo,the bottom 50 %,"According to the January 2014 report from Oxfam, which segment of the global population, estimated at around 3.5 billion individuals, was found to have wealth levels equivalent to those of the 85 richest people in the world?  ",2,2,2.0
" (Huguenot) Huguenot immigrants did not disperse or settle in different parts of the country, but rather, formed three societies or congregations; one in the city of New York, another 21 miles north of New York in a town which they named New Rochelle, and"," (Huguenot) Huguenot immigrants did not disperse or settle in different parts of the country, but rather, formed three societies or congregations; one in the city of New York, another 21 miles north of New York in a town which they named New Rochelle, and",named New Rochelle,"What was the name of the town that the Huguenots established 21 miles north of New York, contributing to their specific congregational communities?  ",2,2,2.0
" The mouths of the Rhine, in the county of Holland, fell to the Burgundian Netherlands in the 15th century; Holland remained contentious territory throughout the European wars of religion and the eventual collapse of the Holy Roman Empire, when the length"," (Rhine) By the 6th century, the Rhine was within the borders of Francia. In the 9th, it formed part of the border between Middle and Western Francia, but in the 10th century, it was fully within the Holy Roman Empire, flowing through Swabia, Franconia an",the eventual collapse,"Can you identify the phrase that describes the significant historical event that led to the transfer of the Rhine territory to the First French Empire and its associated client states, particularly after years of conflict in the region?  ",2,2,2.0
" During the war fighting the Mongols, among the Ming Emperor Zhu Yuanzhang's armies was the Hui Muslim Feng Sheng"," (Yuan_dynasty) Despite the high position given to Muslims, some policies of the Yuan Emperors severely discriminated against them, restricting Halal slaughter and other Islamic practices like circumcision, as well as Kosher butchering for Jews, forcing t",fighting the Mongols,Which phrase succinctly captures the essence of the military activity that involved Hui Muslim Feng Sheng and was aimed at overthrowing the oppressive Mongol rule during Zhu Yuanzhang's rise to power?  ,2,2,2.0
" (Normans) Several families of Byzantine Greece were of Norman mercenary origin during the period of the Comnenian Restoration, when Byzantine emperors were seeking out western European warriors"," (Normans) Several families of Byzantine Greece were of Norman mercenary origin during the period of the Comnenian Restoration, when Byzantine emperors were seeking out western European warriors. The Raoulii were descended from an Italo-Norman named Raoul",Byzantine emperors,"In the search for military support from western European warriors during the period of the Comnenian Restoration, which influential group in Byzantine Greece was pivotal in recruiting mercenaries of Norman descent?  ",1,2,1.0
" Contributing authors prepare text, graphs or data for inclusion by the lead authors"," (Intergovernmental_Panel_on_Climate_Change) Each chapter has a number of authors who are responsible for writing and editing the material. A chapter typically has two ""coordinating lead authors"", ten to fifteen ""lead authors"", and a somewhat larger numbe","text , graphs or data","When discussing the roles within the author teams of the Intergovernmental Panel on Climate Change, what specific components do contributing authors create to support the narrative and data presentation by lead authors?  ",2,2,2.0
" (Sky_(United_Kingdom)) Virgin Media (re-branded in 2007 from NTL:Telewest) started to offer a high-definition television (HDTV) capable set top box, although from 30 November 2006 until 30 July 2009 it only carried one linear HD channel, BBC HD, after th"," (Sky_(United_Kingdom)) Virgin Media (re-branded in 2007 from NTL:Telewest) started to offer a high-definition television (HDTV) capable set top box, although from 30 November 2006 until 30 July 2009 it only carried one linear HD channel, BBC HD, after th",Sky_ -LRB- United_Kingdom -RRB-,"In relation to Virgin Media's high-definition television offerings, which company is mentioned as a significant competitor in the UK's broadcasting market?",2,2,2.0
 (Oxygen) Concentrated O 2 will allow combustion to proceed rapidly and energetically, (Oxygen) Concentrated O 2 will allow combustion to proceed rapidly and energetically. Steel pipes and storage vessels used to store and transmit both gaseous and liquid oxygen will act as a fuel; and therefore the design and manufacture of O 2 systems re,Concentrated O 2,"Which phrase indicates the state of oxygen that, if used in storage and transmission systems, necessitates specialized knowledge due to its potential to enhance combustion phenomena?  ",2,2,2.0
" At Decision Time, the Presiding Officer puts questions on the motions and amendments by reading out the name of the motion or amendment as well as the proposer and asking ""Are we all agreed?"", to which the chamber first votes orally"," (Scottish_Parliament) Each sitting day, normally at 5 pm, MSPs decide on all the motions and amendments that have been moved that day. This ""Decision Time"" is heralded by the sounding of the division bell, which is heard throughout the Parliamentary camp",the chamber,"During the voting process at Decision Time, what does the Presiding Officer refer to when they ask for the initial verbal agreement or dissent from those present, thereby involving the entire assembly of MSPs?  ",1,1,1.0
 (Warsaw) The origin of the legendary figure is not fully known," (Warsaw) The origin of the legendary figure is not fully known. The best-known legend, by Artur Oppman, is that long ago two of Triton's daughters set out on a journey through the depths of the oceans and seas. One of them decided to stay on the coast of",-LRB- Warsaw -RRB-,"In the tale, which city is recognized as the place where the origins of the legendary figure, a mermaid, are linked despite the mystery surrounding her beginnings?  ",1,1,1.0
" The basis for the Social Chapter was developed in 1989 by the ""social partners"" representatives, namely UNICE, the employers' confederation, the European Trade Union Confederation (ETUC) and CEEP, the European Centre of Public Enterprises"," (European_Union_law) The Social Chapter is a chapter of the 1997 Treaty of Amsterdam covering social policy issues in European Union law. The basis for the Social Chapter was developed in 1989 by the ""social partners"" representatives, namely UNICE, the e",the Social Chapter,Which chapter was fundamentally established by social partners in 1989 and later became a significant part of the European Union law concerning employment rights and worker safety?  ,2,2,2.0
" The clinical section is located in a 10-floor building with 700 beds, 10 operating theatres, an intensive care unit, several diagnostic departments as well as an outpatient clinic"," (Warsaw) Today, Warsaw has some of the best medical facilities in Poland and East-Central Europe. The city is home to the Children's Memorial Health Institute (CMHI), the highest-reference hospital in all of Poland, as well as an active research and educ",an outpatient clinic,"In the context of Warsaw's medical infrastructure, can you identify the facility that is specifically designed to provide healthcare services to patients who do not require overnight hospitalization and is part of the clinical section of the largest oncol",2,2,2.0
" These antibodies circulate in blood plasma and lymph, bind to pathogens expressing the antigen and mark them for destruction by complement activation or for uptake and destruction by phagocytes", (Immune_system) A B cell identifies pathogens when antibodies on its surface bind to a specific foreign antigen. This antigen/antibody complex is taken up by the B cell and processed by proteolysis into peptides. The B cell then displays these antigenic ,circulate in blood plasma and lymph,"What is the term that describes the distribution of antibodies throughout the body, particularly in the fluid components that support immune function, allowing them to encounter foreign threats?  ",2,2,2.0
 This is repeated iteratively until all available list seats are allocated," (Scottish_Parliament) The total number of seats in the Parliament are allocated to parties proportionally to the number of votes received in the second vote of the ballot using the d'Hondt method. For example, to determine who is awarded the first list s",allocate,"In the Scottish Parliament's electoral system, what action is repeated multiple times to ensure that each political party's share of constituencies aligns accurately with the overall votes received during the election process?  ",2,2,2.0
" (Harvard_University) The four-year, full-time undergraduate program comprises a minority of enrollments at the university and emphasizes instruction with an ""arts and sciences focus"""," (Harvard_University) The four-year, full-time undergraduate program comprises a minority of enrollments at the university and emphasizes instruction with an ""arts and sciences focus"". Between 1978 and 2008, entering students were required to complete a c",enrollments at the university,"What phrase is used to denote the total number of students officially registered in Harvard's four-year undergraduate program, which constitutes just a fraction of the overall university's population?  ",2,2,2.0
